Tiempo,Se√±al
0.0,0.0
0.01,0.0
0.02,0.0
0.03,0.0
0.04,0.0
0.05,0.0
0.06,0.0
0.07,0.0
0.08,0.0
0.09,0.0
0.1,0.0
0.11,0.0
0.12,0.0
0.13,0.0
0.14,0.0
0.15,0.0
0.16,0.0
0.17,0.0
0.18,0.0
0.19,0.0
0.2,0.0
0.21,0.0
0.22,0.0
0.23,0.0
0.24,0.0
0.25,0.0
0.26,0.0
0.27,0.0
0.28,0.0
0.29,0.0
0.3,0.0
0.31,0.0
0.32,0.0
0.33,0.0
0.34,0.0
0.35000000000000003,0.0
0.36,0.0
0.37,0.0
0.38,0.0
0.39,0.0
0.4,0.0
0.41000000000000003,0.0
0.42,0.0
0.43,0.0
0.44,0.0
0.45,0.0
0.46,0.0
0.47000000000000003,0.0
0.48,0.0
0.49,0.0
0.5,0.0
0.51,0.0
0.52,0.0
0.53,0.0
0.54,0.0
0.55,0.0
0.56,0.0
0.5700000000000001,0.0
0.58,0.0
0.59,0.0
0.6,0.0
0.61,0.0
0.62,0.0
0.63,0.0
0.64,0.0
0.65,0.0
0.66,0.0
0.67,0.0
0.68,0.0
0.6900000000000001,0.0
0.7000000000000001,0.0
0.71,0.0
0.72,0.0
0.73,0.0
0.74,0.0
0.75,0.0
0.76,0.0
0.77,0.0
0.78,0.0
0.79,0.0
0.8,0.0
0.81,0.0
0.8200000000000001,0.0
0.8300000000000001,0.0
0.84,0.0
0.85,0.0
0.86,0.0
0.87,0.0
0.88,0.0
0.89,0.0
0.9,0.0
0.91,0.0
0.92,0.0
0.93,0.0
0.9400000000000001,0.0
0.9500000000000001,0.0
0.96,0.0
0.97,0.0
0.98,0.0
0.99,0.0
1.0,0.0
1.01,0.0
1.02,0.0
1.03,0.0
1.04,0.0
1.05,0.0
1.06,0.0
1.07,0.0
1.08,0.0
1.09,0.0
1.1,0.0
1.11,0.0
1.12,0.0
1.1300000000000001,0.0
1.1400000000000001,0.0
1.1500000000000001,0.0
1.16,0.0
1.17,0.0
1.18,0.0
1.19,0.0
1.2,0.0
1.21,0.0
1.22,0.0
1.23,0.0
1.24,0.0
1.25,0.0
1.26,0.0
1.27,0.0
1.28,0.0
1.29,0.0
1.3,0.0
1.31,0.0
1.32,0.0
1.33,0.0
1.34,0.0
1.35,0.0
1.36,0.0
1.37,0.0
1.3800000000000001,0.0
1.3900000000000001,0.0
1.4000000000000001,0.0
1.41,0.0
1.42,0.0
1.43,0.0
1.44,0.0
1.45,0.0
1.46,0.0
1.47,0.0
1.48,0.0
1.49,0.0
1.5,0.0
1.51,0.0
1.52,0.0
1.53,0.0
1.54,0.0
1.55,0.0
1.56,0.0
1.57,0.0
1.58,0.0
1.59,0.0
1.6,0.0
1.61,0.0
1.62,0.0
1.6300000000000001,0.0
1.6400000000000001,0.0
1.6500000000000001,0.0
1.6600000000000001,0.0
1.67,0.0
1.68,0.0
1.69,0.0
1.7,0.0
1.71,0.0
1.72,0.0
1.73,0.0
1.74,0.0
1.75,0.0
1.76,0.0
1.77,0.0
1.78,0.0
1.79,0.0
1.8,0.0
1.81,0.0
1.82,0.0
1.83,0.0
1.84,0.0
1.85,0.0
1.86,0.0
1.87,0.0
1.8800000000000001,0.0
1.8900000000000001,0.0
1.9000000000000001,0.0
1.9100000000000001,0.0
1.92,0.0
1.93,0.0
1.94,0.0
1.95,0.0
1.96,0.0
1.97,0.0
1.98,0.0
1.99,0.0
2.0,0.0
2.0100000000000002,0.0
2.02,0.0
2.0300000000000002,0.0
2.04,0.0
2.05,0.0
2.06,0.0
2.07,0.0
2.08,0.0
2.09,0.0
2.1,0.0
2.11,0.0
2.12,0.0
2.13,0.0
2.14,0.0
2.15,0.0
2.16,0.0
2.17,0.0
2.18,0.0
2.19,0.0
2.2,0.0
2.21,0.0
2.22,0.0
2.23,0.0
2.24,0.0
2.25,0.0
2.2600000000000002,0.0
2.27,0.0
2.2800000000000002,0.0
2.29,0.0
2.3000000000000003,0.0
2.31,0.0
2.32,0.0
2.33,0.0
2.34,0.0
2.35,0.0
2.36,0.0
2.37,0.0
2.38,0.0
2.39,0.0
2.4,0.0
2.41,0.0
2.42,0.0
2.43,0.0
2.44,0.0
2.45,0.0
2.46,0.0
2.47,0.0
2.48,0.0
2.49,0.0
2.5,0.0
2.5100000000000002,0.0
2.52,0.0
2.5300000000000002,0.0
2.54,0.0
2.5500000000000003,0.0
2.56,0.0
2.57,0.0
2.58,0.0
2.59,0.0
2.6,0.0
2.61,0.0
2.62,0.0
2.63,0.0
2.64,0.0
2.65,0.0
2.66,0.0
2.67,0.0
2.68,0.0
2.69,0.0
2.7,0.0
2.71,0.0
2.72,0.0
2.73,0.0
2.74,0.0
2.75,0.0
2.7600000000000002,0.0
2.77,0.0
2.7800000000000002,0.0
2.79,0.0
2.8000000000000003,0.0
2.81,0.0
2.82,0.0
2.83,0.0
2.84,0.0
2.85,0.0
2.86,0.0
2.87,0.0
2.88,0.0
2.89,0.0
2.9,0.0
2.91,0.0
2.92,0.0
2.93,0.0
2.94,0.0
2.95,0.0
2.96,0.0
2.97,0.0
2.98,0.0
2.99,0.0
3.0,0.0
3.0100000000000002,0.0
3.02,0.0
3.0300000000000002,0.0
3.04,0.0
3.0500000000000003,0.0
3.06,0.0
3.0700000000000003,0.0
3.08,0.0
3.09,0.0
3.1,0.0
3.11,0.0
3.12,0.0
3.13,0.0
3.14,0.0
3.15,0.0
3.16,0.0
3.17,0.0
3.18,0.0
3.19,0.0
3.2,0.0
3.21,0.0
3.22,0.0
3.23,0.0
3.24,0.0
3.25,0.0
3.2600000000000002,0.0
3.27,0.0
3.2800000000000002,0.0
3.29,0.0
3.3000000000000003,0.0
3.31,0.0
3.3200000000000003,0.0
3.33,0.0
3.34,0.0
3.35,0.0
3.36,0.0
3.37,0.0
3.38,0.0
3.39,0.0
3.4,0.0
3.41,0.0
3.42,0.0
3.43,0.0
3.44,0.0
3.45,0.0
3.46,0.0
3.47,0.0
3.48,0.0
3.49,0.0
3.5,0.0
3.5100000000000002,0.0
3.52,0.0
3.5300000000000002,0.0
3.54,0.0
3.5500000000000003,0.0
3.56,0.0
3.5700000000000003,0.0
3.58,0.0
3.59,0.0
3.6,0.0
3.61,0.0
3.62,0.0
3.63,0.0
3.64,0.0
3.65,0.0
3.66,0.0
3.67,0.0
3.68,0.0
3.69,0.0
3.7,0.0
3.71,0.0
3.72,0.0
3.73,0.0
3.74,0.0
3.75,0.0
3.7600000000000002,0.0
3.77,0.0
3.7800000000000002,0.0
3.79,0.0
3.8000000000000003,0.0
3.81,0.0
3.8200000000000003,0.0
3.83,0.0
3.84,0.0
3.85,0.0
3.86,0.0
3.87,0.0
3.88,0.0
3.89,0.0
3.9,0.0
3.91,0.0
3.92,0.0
3.93,0.0
3.94,0.0
3.95,0.0
3.96,0.0
3.97,0.0
3.98,0.0
3.99,0.0
4.0,0.0
4.01,0.0
4.0200000000000005,0.0
4.03,0.0
4.04,0.0
4.05,0.0
4.0600000000000005,0.0
4.07,0.0
4.08,0.0
4.09,0.0
4.1,0.0
4.11,0.0
4.12,0.0
4.13,0.0
4.14,0.0
4.15,0.0
4.16,0.0
4.17,0.0
4.18,0.0
4.19,0.0
4.2,0.0
4.21,0.0
4.22,0.0
4.23,0.0
4.24,0.0
4.25,0.0
4.26,0.0
4.2700000000000005,0.0
4.28,0.0
4.29,0.0
4.3,0.0
4.3100000000000005,0.0
4.32,0.0
4.33,0.0
4.34,0.0
4.3500000000000005,0.0
4.36,0.0
4.37,0.0
4.38,0.0
4.39,0.0
4.4,0.0
4.41,0.0
4.42,0.0
4.43,0.0
4.44,0.0
4.45,0.0
4.46,0.0
4.47,0.0
4.48,0.0
4.49,0.0
4.5,0.0
4.51,0.0
4.5200000000000005,0.0
4.53,0.0
4.54,0.0
4.55,0.0
4.5600000000000005,0.0
4.57,0.0
4.58,0.0
4.59,0.0
4.6000000000000005,0.0
4.61,0.0
4.62,0.0
4.63,0.0
4.64,0.0
4.65,0.0
4.66,0.0
4.67,0.0
4.68,0.0
4.69,0.0
4.7,0.0
4.71,0.0
4.72,0.0
4.73,0.0
4.74,0.0
4.75,0.0
4.76,0.0
4.7700000000000005,0.0
4.78,0.0
4.79,0.0
4.8,0.0
4.8100000000000005,0.0
4.82,0.0
4.83,0.0
4.84,0.0
4.8500000000000005,0.0
4.86,0.0
4.87,0.0
4.88,0.0
4.89,0.0
4.9,0.0
4.91,0.0
4.92,0.0
4.93,0.0
4.94,0.0
4.95,0.0
4.96,0.0
4.97,0.0
4.98,0.0
4.99,0.0
5.0,0.0
5.01,0.0
5.0200000000000005,0.0
5.03,0.0
5.04,0.0
5.05,0.0
5.0600000000000005,0.0
5.07,0.0
5.08,0.0
5.09,0.0
5.1000000000000005,0.0
5.11,0.0
5.12,0.0
5.13,0.0
5.14,0.0
5.15,0.0
5.16,0.0
5.17,0.0
5.18,0.0
5.19,0.0
5.2,0.0
5.21,0.0
5.22,0.0
5.23,0.0
5.24,0.0
5.25,0.0
5.26,0.0
5.2700000000000005,0.0
5.28,0.0
5.29,0.0
5.3,0.0
5.3100000000000005,0.0
5.32,0.0
5.33,0.0
5.34,0.0
5.3500000000000005,0.0
5.36,0.0
5.37,0.0
5.38,0.0
5.39,0.0
5.4,0.0
5.41,0.0
5.42,0.0
5.43,0.0
5.44,0.0
5.45,0.0
5.46,0.0
5.47,0.0
5.48,0.0
5.49,0.0
5.5,0.0
5.51,0.0
5.5200000000000005,0.0
5.53,0.0
5.54,0.0
5.55,0.0
5.5600000000000005,0.0
5.57,0.0
5.58,0.0
5.59,0.0
5.6000000000000005,0.0
5.61,0.0
5.62,0.0
5.63,0.0
5.64,0.0
5.65,0.0
5.66,0.0
5.67,0.0
5.68,0.0
5.69,0.0
5.7,0.0
5.71,0.0
5.72,0.0
5.73,0.0
5.74,0.0
5.75,0.0
5.76,0.0
5.7700000000000005,0.0
5.78,0.0
5.79,0.0
5.8,0.0
5.8100000000000005,0.0
5.82,0.0
5.83,0.0
5.84,0.0
5.8500000000000005,0.0
5.86,0.0
5.87,0.0
5.88,0.0
5.89,0.0
5.9,0.0
5.91,0.0
5.92,0.0
5.93,0.0
5.94,0.0
5.95,0.0
5.96,0.0
5.97,0.0
5.98,0.0
5.99,0.0
6.0,0.0
6.01,0.0
6.0200000000000005,0.0
6.03,0.0
6.04,0.0
6.05,0.0
6.0600000000000005,0.0
6.07,0.0
6.08,0.0
6.09,0.0
6.1000000000000005,0.0
6.11,0.0
6.12,0.0
6.13,0.0
6.140000000000001,0.0
6.15,0.0
6.16,0.0
6.17,0.0
6.18,0.0
6.19,0.0
6.2,0.0
6.21,0.0
6.22,0.0
6.23,0.0
6.24,0.0
6.25,0.0
6.26,0.0
6.2700000000000005,0.0
6.28,0.0
6.29,0.0
6.3,0.0
6.3100000000000005,0.0
6.32,0.0
6.33,0.0
6.34,0.0
6.3500000000000005,0.0
6.36,0.0
6.37,0.0
6.38,0.0
6.390000000000001,0.0
6.4,0.0
6.41,0.0
6.42,0.0
6.43,0.0
6.44,0.0
6.45,0.0
6.46,0.0
6.47,0.0
6.48,0.0
6.49,0.0
6.5,0.0
6.51,0.0
6.5200000000000005,0.0
6.53,0.0
6.54,0.0
6.55,0.0
6.5600000000000005,0.0
6.57,0.0
6.58,0.0
6.59,0.0
6.6000000000000005,0.0
6.61,0.0
6.62,0.0
6.63,0.0
6.640000000000001,0.0
6.65,0.0
6.66,0.0
6.67,0.0
6.68,0.0
6.69,0.0
6.7,0.0
6.71,0.0
6.72,0.0
6.73,0.0
6.74,0.0
6.75,0.0
6.76,0.0
6.7700000000000005,0.0
6.78,0.0
6.79,0.0
6.8,0.0
6.8100000000000005,0.0
6.82,0.0
6.83,0.0
6.84,0.0
6.8500000000000005,0.0
6.86,0.0
6.87,0.0
6.88,0.0
6.890000000000001,0.0
6.9,0.0
6.91,0.0
6.92,0.0
6.93,0.0
6.94,0.0
6.95,0.0
6.96,0.0
6.97,0.0
6.98,0.0
6.99,0.0
7.0,0.0
7.01,0.0
7.0200000000000005,0.0
7.03,0.0
7.04,0.0
7.05,0.0
7.0600000000000005,0.0
7.07,0.0
7.08,0.0
7.09,0.0
7.1000000000000005,0.0
7.11,0.0
7.12,0.0
7.13,0.0
7.140000000000001,0.0
7.15,0.0
7.16,0.0
7.17,0.0
7.18,0.0
7.19,0.0
7.2,0.0
7.21,0.0
7.22,0.0
7.23,0.0
7.24,0.0
7.25,0.0
7.26,0.0
7.2700000000000005,0.0
7.28,0.0
7.29,0.0
7.3,0.0
7.3100000000000005,0.0
7.32,0.0
7.33,0.0
7.34,0.0
7.3500000000000005,0.0
7.36,0.0
7.37,0.0
7.38,0.0
7.390000000000001,0.0
7.4,0.0
7.41,0.0
7.42,0.0
7.43,0.0
7.44,0.0
7.45,0.0
7.46,0.0
7.47,0.0
7.48,0.0
7.49,0.0
7.5,0.0
7.51,0.0
7.5200000000000005,0.0
7.53,0.0
7.54,0.0
7.55,0.0
7.5600000000000005,0.0
7.57,0.0
7.58,0.0
7.59,0.0
7.6000000000000005,0.0
7.61,0.0
7.62,0.0
7.63,0.0
7.640000000000001,0.0
7.65,0.0
7.66,0.0
7.67,0.0
7.68,0.0
7.69,0.0
7.7,0.0
7.71,0.0
7.72,0.0
7.73,0.0
7.74,0.0
7.75,0.0
7.76,0.0
7.7700000000000005,0.0
7.78,0.0
7.79,0.0
7.8,0.0
7.8100000000000005,0.0
7.82,0.0
7.83,0.0
7.84,0.0
7.8500000000000005,0.0
7.86,0.0
7.87,0.0
7.88,0.0
7.890000000000001,0.0
7.9,0.0
7.91,0.0
7.92,0.0
7.930000000000001,0.0
7.94,0.0
7.95,0.0
7.96,0.0
7.97,0.0
7.98,0.0
7.99,0.0
8.0,0.0
8.01,0.0
8.02,0.0
8.03,0.0
8.040000000000001,0.0
8.05,0.0
8.06,0.0
8.07,0.0
8.08,0.0
8.09,0.0
8.1,0.0
8.11,0.0
8.120000000000001,0.0
8.13,0.0
8.14,0.0
8.15,0.0
8.16,0.0
8.17,0.0
8.18,0.0
8.19,0.0
8.2,0.0
8.21,0.0
8.22,0.0
8.23,0.0
8.24,0.0
8.25,0.0
8.26,0.0
8.27,0.0
8.28,0.0
8.290000000000001,0.0
8.3,0.0
8.31,0.0
8.32,0.0
8.33,0.0
8.34,0.0
8.35,0.0
8.36,0.0
8.370000000000001,0.0
8.38,0.0
8.39,0.0
8.4,0.0
8.41,0.0
8.42,0.0
8.43,0.0
8.44,0.0
8.45,0.0
8.46,0.0
8.47,0.0
8.48,0.0
8.49,0.0
8.5,0.0
8.51,0.0
8.52,0.0
8.53,0.0
8.540000000000001,0.0
8.55,0.0
8.56,0.0
8.57,0.0
8.58,0.0
8.59,0.0
8.6,0.0
8.61,0.0
8.620000000000001,0.0
8.63,0.0
8.64,0.0
8.65,0.0
8.66,0.0
8.67,0.0
8.68,0.0
8.69,0.0
8.700000000000001,0.0
8.71,0.0
8.72,0.0
8.73,0.0
8.74,0.0
8.75,0.0
8.76,0.0
8.77,0.0
8.78,0.0
8.790000000000001,0.0
8.8,0.0
8.81,0.0
8.82,0.0
8.83,0.0
8.84,0.0
8.85,0.0
8.86,0.0
8.870000000000001,0.0
8.88,0.0
8.89,0.0
8.9,0.0
8.91,0.0
8.92,0.0
8.93,0.0
8.94,0.0
8.950000000000001,0.0
8.96,0.0
8.97,0.0
8.98,0.0
8.99,0.0
9.0,0.0
9.01,0.0
9.02,0.0
9.03,0.0
9.040000000000001,0.0
9.05,0.0
9.06,0.0
9.07,0.0
9.08,0.0
9.09,0.0
9.1,0.0
9.11,0.0
9.120000000000001,0.0
9.13,0.0
9.14,0.0
9.15,0.0
9.16,0.0
9.17,0.0
9.18,0.0
9.19,0.0
9.200000000000001,0.0
9.21,0.0
9.22,0.0
9.23,0.0
9.24,0.0
9.25,0.0
9.26,0.0
9.27,0.0
9.28,0.0
9.290000000000001,0.0
9.3,0.0
9.31,0.0
9.32,0.0
9.33,0.0
9.34,0.0
9.35,0.0
9.36,0.0
9.370000000000001,0.0
9.38,0.0
9.39,0.0
9.4,0.0
9.41,0.0
9.42,0.0
9.43,0.0
9.44,0.0
9.450000000000001,0.0
9.46,0.0
9.47,0.0
9.48,0.0
9.49,0.0
9.5,0.0
9.51,0.0
9.52,0.0
9.53,0.0
9.540000000000001,0.0
9.55,0.0
9.56,0.0
9.57,0.0
9.58,0.0
9.59,0.0
9.6,0.0
9.61,0.0
9.620000000000001,0.0
9.63,0.0
9.64,0.0
9.65,0.0
9.66,0.0
9.67,0.0
9.68,0.0
9.69,0.0
9.700000000000001,0.0
9.71,0.0
9.72,0.0
9.73,0.0
9.74,0.0
9.75,0.0
9.76,0.0
9.77,0.0
9.78,0.0
9.790000000000001,0.0
9.8,0.0
9.81,0.0
9.82,0.0
9.83,0.0
9.84,0.0
9.85,0.0
9.86,0.0
9.870000000000001,0.0
9.88,0.0
9.89,0.0
9.9,0.0
9.91,0.0
9.92,0.0
9.93,0.0
9.94,0.0
9.950000000000001,0.0
9.96,0.0
9.97,0.0
9.98,0.0
9.99,0.0
10.0,5.0
10.01,5.0
10.02,5.0
10.03,5.0
10.040000000000001,5.0
10.05,5.0
10.06,5.0
10.07,5.0
10.08,5.0
10.09,5.0
10.1,5.0
10.11,5.0
10.120000000000001,5.0
10.13,5.0
10.14,5.0
10.15,5.0
10.16,5.0
10.17,5.0
10.18,5.0
10.19,5.0
10.200000000000001,5.0
10.21,5.0
10.22,5.0
10.23,5.0
10.24,5.0
10.25,5.0
10.26,5.0
10.27,5.0
10.28,5.0
10.290000000000001,5.0
10.3,5.0
10.31,5.0
10.32,5.0
10.33,5.0
10.34,5.0
10.35,5.0
10.36,5.0
10.370000000000001,5.0
10.38,5.0
10.39,5.0
10.4,5.0
10.41,5.0
10.42,5.0
10.43,5.0
10.44,5.0
10.450000000000001,5.0
10.46,5.0
10.47,5.0
10.48,5.0
10.49,5.0
10.5,5.0
10.51,5.0
10.52,5.0
10.53,5.0
10.540000000000001,5.0
10.55,5.0
10.56,5.0
10.57,5.0
10.58,5.0
10.59,5.0
10.6,5.0
10.61,5.0
10.620000000000001,5.0
10.63,5.0
10.64,5.0
10.65,5.0
10.66,5.0
10.67,5.0
10.68,5.0
10.69,5.0
10.700000000000001,5.0
10.71,5.0
10.72,5.0
10.73,5.0
10.74,5.0
10.75,5.0
10.76,5.0
10.77,5.0
10.78,5.0
10.790000000000001,5.0
10.8,5.0
10.81,5.0
10.82,5.0
10.83,5.0
10.84,5.0
10.85,5.0
10.86,5.0
10.870000000000001,5.0
10.88,5.0
10.89,5.0
10.9,5.0
10.91,5.0
10.92,5.0
10.93,5.0
10.94,5.0
10.950000000000001,5.0
10.96,5.0
10.97,5.0
10.98,5.0
10.99,5.0
11.0,5.0
11.01,5.0
11.02,5.0
11.03,5.0
11.040000000000001,5.0
11.05,5.0
11.06,5.0
11.07,5.0
11.08,5.0
11.09,5.0
11.1,5.0
11.11,5.0
11.120000000000001,5.0
11.13,5.0
11.14,5.0
11.15,5.0
11.16,5.0
11.17,5.0
11.18,5.0
11.19,5.0
11.200000000000001,5.0
11.21,5.0
11.22,5.0
11.23,5.0
11.24,5.0
11.25,5.0
11.26,5.0
11.27,5.0
11.28,5.0
11.290000000000001,5.0
11.3,5.0
11.31,5.0
11.32,5.0
11.33,5.0
11.34,5.0
11.35,5.0
11.36,5.0
11.370000000000001,5.0
11.38,5.0
11.39,5.0
11.4,5.0
11.41,5.0
11.42,5.0
11.43,5.0
11.44,5.0
11.450000000000001,5.0
11.46,5.0
11.47,5.0
11.48,5.0
11.49,5.0
11.5,5.0
11.51,5.0
11.52,5.0
11.53,5.0
11.540000000000001,5.0
11.55,5.0
11.56,5.0
11.57,5.0
11.58,5.0
11.59,5.0
11.6,5.0
11.61,5.0
11.620000000000001,5.0
11.63,5.0
11.64,5.0
11.65,5.0
11.66,5.0
11.67,5.0
11.68,5.0
11.69,5.0
11.700000000000001,5.0
11.71,5.0
11.72,5.0
11.73,5.0
11.74,5.0
11.75,5.0
11.76,5.0
11.77,5.0
11.78,5.0
11.790000000000001,5.0
11.8,5.0
11.81,5.0
11.82,5.0
11.83,5.0
11.84,5.0
11.85,5.0
11.86,5.0
11.870000000000001,5.0
11.88,5.0
11.89,5.0
11.9,5.0
11.91,5.0
11.92,5.0
11.93,5.0
11.94,5.0
11.950000000000001,5.0
11.96,5.0
11.97,5.0
11.98,5.0
11.99,5.0
12.0,5.0
12.01,5.0
12.02,5.0
12.030000000000001,5.0
12.040000000000001,5.0
12.05,5.0
12.06,5.0
12.07,5.0
12.08,5.0
12.09,5.0
12.1,5.0
12.11,5.0
12.120000000000001,5.0
12.13,5.0
12.14,5.0
12.15,5.0
12.16,5.0
12.17,5.0
12.18,5.0
12.19,5.0
12.200000000000001,5.0
12.21,5.0
12.22,5.0
12.23,5.0
12.24,5.0
12.25,5.0
12.26,5.0
12.27,5.0
12.280000000000001,5.0
12.290000000000001,5.0
12.3,5.0
12.31,5.0
12.32,5.0
12.33,5.0
12.34,5.0
12.35,5.0
12.36,5.0
12.370000000000001,5.0
12.38,5.0
12.39,5.0
12.4,5.0
12.41,5.0
12.42,5.0
12.43,5.0
12.44,5.0
12.450000000000001,5.0
12.46,5.0
12.47,5.0
12.48,5.0
12.49,5.0
12.5,5.0
12.51,5.0
12.52,5.0
12.530000000000001,5.0
12.540000000000001,5.0
12.55,5.0
12.56,5.0
12.57,5.0
12.58,5.0
12.59,5.0
12.6,5.0
12.61,5.0
12.620000000000001,5.0
12.63,5.0
12.64,5.0
12.65,5.0
12.66,5.0
12.67,5.0
12.68,5.0
12.69,5.0
12.700000000000001,5.0
12.71,5.0
12.72,5.0
12.73,5.0
12.74,5.0
12.75,5.0
12.76,5.0
12.77,5.0
12.780000000000001,5.0
12.790000000000001,5.0
12.8,5.0
12.81,5.0
12.82,5.0
12.83,5.0
12.84,5.0
12.85,5.0
12.86,5.0
12.870000000000001,5.0
12.88,5.0
12.89,5.0
12.9,5.0
12.91,5.0
12.92,5.0
12.93,5.0
12.94,5.0
12.950000000000001,5.0
12.96,5.0
12.97,5.0
12.98,5.0
12.99,5.0
13.0,5.0
13.01,5.0
13.02,5.0
13.030000000000001,5.0
13.040000000000001,5.0
13.05,5.0
13.06,5.0
13.07,5.0
13.08,5.0
13.09,5.0
13.1,5.0
13.11,5.0
13.120000000000001,5.0
13.13,5.0
13.14,5.0
13.15,5.0
13.16,5.0
13.17,5.0
13.18,5.0
13.19,5.0
13.200000000000001,5.0
13.21,5.0
13.22,5.0
13.23,5.0
13.24,5.0
13.25,5.0
13.26,5.0
13.27,5.0
13.280000000000001,5.0
13.290000000000001,5.0
13.3,5.0
13.31,5.0
13.32,5.0
13.33,5.0
13.34,5.0
13.35,5.0
13.36,5.0
13.370000000000001,5.0
13.38,5.0
13.39,5.0
13.4,5.0
13.41,5.0
13.42,5.0
13.43,5.0
13.44,5.0
13.450000000000001,5.0
13.46,5.0
13.47,5.0
13.48,5.0
13.49,5.0
13.5,5.0
13.51,5.0
13.52,5.0
13.530000000000001,5.0
13.540000000000001,5.0
13.55,5.0
13.56,5.0
13.57,5.0
13.58,5.0
13.59,5.0
13.6,5.0
13.61,5.0
13.620000000000001,5.0
13.63,5.0
13.64,5.0
13.65,5.0
13.66,5.0
13.67,5.0
13.68,5.0
13.69,5.0
13.700000000000001,5.0
13.71,5.0
13.72,5.0
13.73,5.0
13.74,5.0
13.75,5.0
13.76,5.0
13.77,5.0
13.780000000000001,5.0
13.790000000000001,5.0
13.8,5.0
13.81,5.0
13.82,5.0
13.83,5.0
13.84,5.0
13.85,5.0
13.86,5.0
13.870000000000001,5.0
13.88,5.0
13.89,5.0
13.9,5.0
13.91,5.0
13.92,5.0
13.93,5.0
13.94,5.0
13.950000000000001,5.0
13.96,5.0
13.97,5.0
13.98,5.0
13.99,5.0
14.0,5.0
14.01,5.0
14.02,5.0
14.030000000000001,5.0
14.040000000000001,5.0
14.05,5.0
14.06,5.0
14.07,5.0
14.08,5.0
14.09,5.0
14.1,5.0
14.11,5.0
14.120000000000001,5.0
14.13,5.0
14.14,5.0
14.15,5.0
14.16,5.0
14.17,5.0
14.18,5.0
14.19,5.0
14.200000000000001,5.0
14.21,5.0
14.22,5.0
14.23,5.0
14.24,5.0
14.25,5.0
14.26,5.0
14.27,5.0
14.280000000000001,5.0
14.290000000000001,5.0
14.3,5.0
14.31,5.0
14.32,5.0
14.33,5.0
14.34,5.0
14.35,5.0
14.36,5.0
14.370000000000001,5.0
14.38,5.0
14.39,5.0
14.4,5.0
14.41,5.0
14.42,5.0
14.43,5.0
14.44,5.0
14.450000000000001,5.0
14.46,5.0
14.47,5.0
14.48,5.0
14.49,5.0
14.5,5.0
14.51,5.0
14.52,5.0
14.530000000000001,5.0
14.540000000000001,5.0
14.55,5.0
14.56,5.0
14.57,5.0
14.58,5.0
14.59,5.0
14.6,5.0
14.61,5.0
14.620000000000001,5.0
14.63,5.0
14.64,5.0
14.65,5.0
14.66,5.0
14.67,5.0
14.68,5.0
14.69,5.0
14.700000000000001,5.0
14.71,5.0
14.72,5.0
14.73,5.0
14.74,5.0
14.75,5.0
14.76,5.0
14.77,5.0
14.780000000000001,5.0
14.790000000000001,5.0
14.8,5.0
14.81,5.0
14.82,5.0
14.83,5.0
14.84,5.0
14.85,5.0
14.86,5.0
14.870000000000001,5.0
14.88,5.0
14.89,5.0
14.9,5.0
14.91,5.0
14.92,5.0
14.93,5.0
14.94,5.0
14.950000000000001,5.0
14.96,5.0
14.97,5.0
14.98,5.0
14.99,5.0
15.0,5.0
15.01,5.0
15.02,5.0
15.030000000000001,5.0
15.040000000000001,5.0
15.05,5.0
15.06,5.0
15.07,5.0
15.08,5.0
15.09,5.0
15.1,5.0
15.11,5.0
15.120000000000001,5.0
15.13,5.0
15.14,5.0
15.15,5.0
15.16,5.0
15.17,5.0
15.18,5.0
15.19,5.0
15.200000000000001,5.0
15.21,5.0
15.22,5.0
15.23,5.0
15.24,5.0
15.25,5.0
15.26,5.0
15.27,5.0
15.280000000000001,5.0
15.290000000000001,5.0
15.3,5.0
15.31,5.0
15.32,5.0
15.33,5.0
15.34,5.0
15.35,5.0
15.36,5.0
15.370000000000001,5.0
15.38,5.0
15.39,5.0
15.4,5.0
15.41,5.0
15.42,5.0
15.43,5.0
15.44,5.0
15.450000000000001,5.0
15.46,5.0
15.47,5.0
15.48,5.0
15.49,5.0
15.5,5.0
15.51,5.0
15.52,5.0
15.530000000000001,5.0
15.540000000000001,5.0
15.55,5.0
15.56,5.0
15.57,5.0
15.58,5.0
15.59,5.0
15.6,5.0
15.610000000000001,5.0
15.620000000000001,5.0
15.63,5.0
15.64,5.0
15.65,5.0
15.66,5.0
15.67,5.0
15.68,5.0
15.69,5.0
15.700000000000001,5.0
15.71,5.0
15.72,5.0
15.73,5.0
15.74,5.0
15.75,5.0
15.76,5.0
15.77,5.0
15.780000000000001,5.0
15.790000000000001,5.0
15.8,5.0
15.81,5.0
15.82,5.0
15.83,5.0
15.84,5.0
15.85,5.0
15.860000000000001,5.0
15.870000000000001,5.0
15.88,5.0
15.89,5.0
15.9,5.0
15.91,5.0
15.92,5.0
15.93,5.0
15.94,5.0
15.950000000000001,5.0
15.96,5.0
15.97,5.0
15.98,5.0
15.99,5.0
16.0,5.0
16.01,5.0
16.02,5.0
16.03,5.0
16.04,5.0
16.05,5.0
16.06,5.0
16.07,5.0
16.080000000000002,5.0
16.09,5.0
16.1,5.0
16.11,5.0
16.12,5.0
16.13,5.0
16.14,5.0
16.15,5.0
16.16,5.0
16.17,5.0
16.18,5.0
16.19,5.0
16.2,5.0
16.21,5.0
16.22,5.0
16.23,5.0
16.240000000000002,5.0
16.25,5.0
16.26,5.0
16.27,5.0
16.28,5.0
16.29,5.0
16.3,5.0
16.31,5.0
16.32,5.0
16.330000000000002,5.0
16.34,5.0
16.35,5.0
16.36,5.0
16.37,5.0
16.38,5.0
16.39,5.0
16.4,5.0
16.41,5.0
16.42,5.0
16.43,5.0
16.44,5.0
16.45,5.0
16.46,5.0
16.47,5.0
16.48,5.0
16.490000000000002,5.0
16.5,5.0
16.51,5.0
16.52,5.0
16.53,5.0
16.54,5.0
16.55,5.0
16.56,5.0
16.57,5.0
16.580000000000002,5.0
16.59,5.0
16.6,5.0
16.61,5.0
16.62,5.0
16.63,5.0
16.64,5.0
16.65,5.0
16.66,5.0
16.67,5.0
16.68,5.0
16.69,5.0
16.7,5.0
16.71,5.0
16.72,5.0
16.73,5.0
16.740000000000002,5.0
16.75,5.0
16.76,5.0
16.77,5.0
16.78,5.0
16.79,5.0
16.8,5.0
16.81,5.0
16.82,5.0
16.830000000000002,5.0
16.84,5.0
16.85,5.0
16.86,5.0
16.87,5.0
16.88,5.0
16.89,5.0
16.9,5.0
16.91,5.0
16.92,5.0
16.93,5.0
16.94,5.0
16.95,5.0
16.96,5.0
16.97,5.0
16.98,5.0
16.990000000000002,5.0
17.0,5.0
17.01,5.0
17.02,5.0
17.03,5.0
17.04,5.0
17.05,5.0
17.06,5.0
17.07,5.0
17.080000000000002,5.0
17.09,5.0
17.1,5.0
17.11,5.0
17.12,5.0
17.13,5.0
17.14,5.0
17.150000000000002,5.0
17.16,5.0
17.17,5.0
17.18,5.0
17.19,5.0
17.2,5.0
17.21,5.0
17.22,5.0
17.23,5.0
17.240000000000002,5.0
17.25,5.0
17.26,5.0
17.27,5.0
17.28,5.0
17.29,5.0
17.3,5.0
17.31,5.0
17.32,5.0
17.330000000000002,5.0
17.34,5.0
17.35,5.0
17.36,5.0
17.37,5.0
17.38,5.0
17.39,5.0
17.400000000000002,5.0
17.41,5.0
17.42,5.0
17.43,5.0
17.44,5.0
17.45,5.0
17.46,5.0
17.47,5.0
17.48,5.0
17.490000000000002,5.0
17.5,5.0
17.51,5.0
17.52,5.0
17.53,5.0
17.54,5.0
17.55,5.0
17.56,5.0
17.57,5.0
17.580000000000002,5.0
17.59,5.0
17.6,5.0
17.61,5.0
17.62,5.0
17.63,5.0
17.64,5.0
17.650000000000002,5.0
17.66,5.0
17.67,5.0
17.68,5.0
17.69,5.0
17.7,5.0
17.71,5.0
17.72,5.0
17.73,5.0
17.740000000000002,5.0
17.75,5.0
17.76,5.0
17.77,5.0
17.78,5.0
17.79,5.0
17.8,5.0
17.81,5.0
17.82,5.0
17.830000000000002,5.0
17.84,5.0
17.85,5.0
17.86,5.0
17.87,5.0
17.88,5.0
17.89,5.0
17.900000000000002,5.0
17.91,5.0
17.92,5.0
17.93,5.0
17.94,5.0
17.95,5.0
17.96,5.0
17.97,5.0
17.98,5.0
17.990000000000002,5.0
18.0,5.0
18.01,5.0
18.02,5.0
18.03,5.0
18.04,5.0
18.05,5.0
18.06,5.0
18.07,5.0
18.080000000000002,5.0
18.09,5.0
18.1,5.0
18.11,5.0
18.12,5.0
18.13,5.0
18.14,5.0
18.150000000000002,5.0
18.16,5.0
18.17,5.0
18.18,5.0
18.19,5.0
18.2,5.0
18.21,5.0
18.22,5.0
18.23,5.0
18.240000000000002,5.0
18.25,5.0
18.26,5.0
18.27,5.0
18.28,5.0
18.29,5.0
18.3,5.0
18.31,5.0
18.32,5.0
18.330000000000002,5.0
18.34,5.0
18.35,5.0
18.36,5.0
18.37,5.0
18.38,5.0
18.39,5.0
18.400000000000002,5.0
18.41,5.0
18.42,5.0
18.43,5.0
18.44,5.0
18.45,5.0
18.46,5.0
18.47,5.0
18.48,5.0
18.490000000000002,5.0
18.5,5.0
18.51,5.0
18.52,5.0
18.53,5.0
18.54,5.0
18.55,5.0
18.56,5.0
18.57,5.0
18.580000000000002,5.0
18.59,5.0
18.6,5.0
18.61,5.0
18.62,5.0
18.63,5.0
18.64,5.0
18.650000000000002,5.0
18.66,5.0
18.67,5.0
18.68,5.0
18.69,5.0
18.7,5.0
18.71,5.0
18.72,5.0
18.73,5.0
18.740000000000002,5.0
18.75,5.0
18.76,5.0
18.77,5.0
18.78,5.0
18.79,5.0
18.8,5.0
18.81,5.0
18.82,5.0
18.830000000000002,5.0
18.84,5.0
18.85,5.0
18.86,5.0
18.87,5.0
18.88,5.0
18.89,5.0
18.900000000000002,5.0
18.91,5.0
18.92,5.0
18.93,5.0
18.94,5.0
18.95,5.0
18.96,5.0
18.97,5.0
18.98,5.0
18.990000000000002,5.0
19.0,5.0
19.01,5.0
19.02,5.0
19.03,5.0
19.04,5.0
19.05,5.0
19.06,5.0
19.07,5.0
19.080000000000002,5.0
19.09,5.0
19.1,5.0
19.11,5.0
19.12,5.0
19.13,5.0
19.14,5.0
19.150000000000002,5.0
19.16,5.0
19.17,5.0
19.18,5.0
19.19,5.0
19.2,5.0
19.21,5.0
19.22,5.0
19.23,5.0
19.240000000000002,5.0
19.25,5.0
19.26,5.0
19.27,5.0
19.28,5.0
19.29,5.0
19.3,5.0
19.31,5.0
19.32,5.0
19.330000000000002,5.0
19.34,5.0
19.35,5.0
19.36,5.0
19.37,5.0
19.38,5.0
19.39,5.0
19.400000000000002,5.0
19.41,5.0
19.42,5.0
19.43,5.0
19.44,5.0
19.45,5.0
19.46,5.0
19.47,5.0
19.48,5.0
19.490000000000002,5.0
19.5,5.0
19.51,5.0
19.52,5.0
19.53,5.0
19.54,5.0
19.55,5.0
19.56,5.0
19.57,5.0
19.580000000000002,5.0
19.59,5.0
19.6,5.0
19.61,5.0
19.62,5.0
19.63,5.0
19.64,5.0
19.650000000000002,5.0
19.66,5.0
19.67,5.0
19.68,5.0
19.69,5.0
19.7,5.0
19.71,5.0
19.72,5.0
19.73,5.0
19.740000000000002,5.0
19.75,5.0
19.76,5.0
19.77,5.0
19.78,5.0
19.79,5.0
19.8,5.0
19.81,5.0
19.82,5.0
19.830000000000002,5.0
19.84,5.0
19.85,5.0
19.86,5.0
19.87,5.0
19.88,5.0
19.89,5.0
19.900000000000002,5.0
19.91,5.0
19.92,5.0
19.93,5.0
19.94,5.0
19.95,5.0
19.96,5.0
19.97,5.0
19.98,5.0
19.990000000000002,5.0
20.0,15.0
20.01,15.010000000000002
20.02,15.02
20.03,15.030000000000001
20.04,15.04
20.05,15.05
20.06,15.059999999999999
20.07,15.07
20.080000000000002,15.080000000000002
20.09,15.09
20.1,15.100000000000001
20.11,15.11
20.12,15.120000000000001
20.13,15.129999999999999
20.14,15.14
20.150000000000002,15.150000000000002
20.16,15.16
20.17,15.170000000000002
20.18,15.18
20.19,15.190000000000001
20.2,15.2
20.21,15.21
20.22,15.219999999999999
20.23,15.23
20.240000000000002,15.240000000000002
20.25,15.25
20.26,15.260000000000002
20.27,15.27
20.28,15.280000000000001
20.29,15.29
20.3,15.3
20.31,15.309999999999999
20.32,15.32
20.330000000000002,15.330000000000002
20.34,15.34
20.35,15.350000000000001
20.36,15.36
20.37,15.370000000000001
20.38,15.379999999999999
20.39,15.39
20.400000000000002,15.400000000000002
20.41,15.41
20.42,15.420000000000002
20.43,15.43
20.44,15.440000000000001
20.45,15.45
20.46,15.46
20.47,15.469999999999999
20.48,15.48
20.490000000000002,15.490000000000002
20.5,15.5
20.51,15.510000000000002
20.52,15.52
20.53,15.530000000000001
20.54,15.54
20.55,15.55
20.56,15.559999999999999
20.57,15.57
20.580000000000002,15.580000000000002
20.59,15.59
20.6,15.600000000000001
20.61,15.61
20.62,15.620000000000001
20.63,15.629999999999999
20.64,15.64
20.650000000000002,15.650000000000002
20.66,15.66
20.67,15.670000000000002
20.68,15.68
20.69,15.690000000000001
20.7,15.7
20.71,15.71
20.72,15.719999999999999
20.73,15.73
20.740000000000002,15.740000000000002
20.75,15.75
20.76,15.760000000000002
20.77,15.77
20.78,15.780000000000001
20.79,15.79
20.8,15.8
20.81,15.809999999999999
20.82,15.82
20.830000000000002,15.830000000000002
20.84,15.84
20.85,15.850000000000001
20.86,15.86
20.87,15.870000000000001
20.88,15.879999999999999
20.89,15.89
20.900000000000002,15.900000000000002
20.91,15.91
20.92,15.920000000000002
20.93,15.93
20.94,15.940000000000001
20.95,15.95
20.96,15.96
20.97,15.969999999999999
20.98,15.98
20.990000000000002,15.990000000000002
21.0,16.0
21.01,16.01
21.02,16.02
21.03,16.03
21.04,16.04
21.05,16.05
21.06,16.06
21.07,16.07
21.080000000000002,16.080000000000002
21.09,16.09
21.1,16.1
21.11,16.11
21.12,16.12
21.13,16.13
21.14,16.14
21.150000000000002,16.150000000000002
21.16,16.16
21.17,16.17
21.18,16.18
21.19,16.19
21.2,16.2
21.21,16.21
21.22,16.22
21.23,16.23
21.240000000000002,16.240000000000002
21.25,16.25
21.26,16.26
21.27,16.27
21.28,16.28
21.29,16.29
21.3,16.3
21.31,16.31
21.32,16.32
21.330000000000002,16.330000000000002
21.34,16.34
21.35,16.35
21.36,16.36
21.37,16.37
21.38,16.38
21.39,16.39
21.400000000000002,16.400000000000002
21.41,16.41
21.42,16.42
21.43,16.43
21.44,16.44
21.45,16.45
21.46,16.46
21.47,16.47
21.48,16.48
21.490000000000002,16.490000000000002
21.5,16.5
21.51,16.51
21.52,16.52
21.53,16.53
21.54,16.54
21.55,16.55
21.56,16.56
21.57,16.57
21.580000000000002,16.580000000000002
21.59,16.59
21.6,16.6
21.61,16.61
21.62,16.62
21.63,16.63
21.64,16.64
21.650000000000002,16.650000000000002
21.66,16.66
21.67,16.67
21.68,16.68
21.69,16.69
21.7,16.7
21.71,16.71
21.72,16.72
21.73,16.73
21.740000000000002,16.740000000000002
21.75,16.75
21.76,16.76
21.77,16.77
21.78,16.78
21.79,16.79
21.8,16.8
21.81,16.81
21.82,16.82
21.830000000000002,16.830000000000002
21.84,16.84
21.85,16.85
21.86,16.86
21.87,16.87
21.88,16.88
21.89,16.89
21.900000000000002,16.900000000000002
21.91,16.91
21.92,16.92
21.93,16.93
21.94,16.94
21.95,16.95
21.96,16.96
21.97,16.97
21.98,16.98
21.990000000000002,16.990000000000002
22.0,17.0
22.01,17.01
22.02,17.02
22.03,17.03
22.04,17.04
22.05,17.05
22.06,17.06
22.07,17.07
22.080000000000002,17.080000000000002
22.09,17.09
22.1,17.1
22.11,17.11
22.12,17.12
22.13,17.13
22.14,17.14
22.150000000000002,17.150000000000002
22.16,17.16
22.17,17.17
22.18,17.18
22.19,17.19
22.2,17.2
22.21,17.21
22.22,17.22
22.23,17.23
22.240000000000002,17.240000000000002
22.25,17.25
22.26,17.26
22.27,17.27
22.28,17.28
22.29,17.29
22.3,17.3
22.31,17.31
22.32,17.32
22.330000000000002,17.330000000000002
22.34,17.34
22.35,17.35
22.36,17.36
22.37,17.37
22.38,17.38
22.39,17.39
22.400000000000002,17.400000000000002
22.41,17.41
22.42,17.42
22.43,17.43
22.44,17.44
22.45,17.45
22.46,17.46
22.47,17.47
22.48,17.48
22.490000000000002,17.490000000000002
22.5,17.5
22.51,17.51
22.52,17.52
22.53,17.53
22.54,17.54
22.55,17.55
22.56,17.56
22.57,17.57
22.580000000000002,17.580000000000002
22.59,17.59
22.6,17.6
22.61,17.61
22.62,17.62
22.63,17.63
22.64,17.64
22.650000000000002,17.650000000000002
22.66,17.66
22.67,17.67
22.68,17.68
22.69,17.69
22.7,17.7
22.71,17.71
22.72,17.72
22.73,17.73
22.740000000000002,17.740000000000002
22.75,17.75
22.76,17.76
22.77,17.77
22.78,17.78
22.79,17.79
22.8,17.8
22.81,17.81
22.82,17.82
22.830000000000002,17.830000000000002
22.84,17.84
22.85,17.85
22.86,17.86
22.87,17.87
22.88,17.88
22.89,17.89
22.900000000000002,17.900000000000002
22.91,17.91
22.92,17.92
22.93,17.93
22.94,17.94
22.95,17.95
22.96,17.96
22.97,17.97
22.98,17.98
22.990000000000002,17.990000000000002
23.0,18.0
23.01,18.01
23.02,18.02
23.03,18.03
23.04,18.04
23.05,18.05
23.06,18.06
23.07,18.07
23.080000000000002,18.080000000000002
23.09,18.09
23.1,18.1
23.11,18.11
23.12,18.12
23.13,18.13
23.14,18.14
23.150000000000002,18.150000000000002
23.16,18.16
23.17,18.17
23.18,18.18
23.19,18.19
23.2,18.2
23.21,18.21
23.22,18.22
23.23,18.23
23.240000000000002,18.240000000000002
23.25,18.25
23.26,18.26
23.27,18.27
23.28,18.28
23.29,18.29
23.3,18.3
23.31,18.31
23.32,18.32
23.330000000000002,18.330000000000002
23.34,18.34
23.35,18.35
23.36,18.36
23.37,18.37
23.38,18.38
23.39,18.39
23.400000000000002,18.400000000000002
23.41,18.41
23.42,18.42
23.43,18.43
23.44,18.44
23.45,18.45
23.46,18.46
23.47,18.47
23.48,18.48
23.490000000000002,18.490000000000002
23.5,18.5
23.51,18.51
23.52,18.52
23.53,18.53
23.54,18.54
23.55,18.55
23.56,18.56
23.57,18.57
23.580000000000002,18.580000000000002
23.59,18.59
23.6,18.6
23.61,18.61
23.62,18.62
23.63,18.63
23.64,18.64
23.650000000000002,18.650000000000002
23.66,18.66
23.67,18.67
23.68,18.68
23.69,18.69
23.7,18.7
23.71,18.71
23.72,18.72
23.73,18.73
23.740000000000002,18.740000000000002
23.75,18.75
23.76,18.76
23.77,18.77
23.78,18.78
23.79,18.79
23.8,18.8
23.81,18.81
23.82,18.82
23.830000000000002,18.830000000000002
23.84,18.84
23.85,18.85
23.86,18.86
23.87,18.87
23.88,18.88
23.89,18.89
23.900000000000002,18.900000000000002
23.91,18.91
23.92,18.92
23.93,18.93
23.94,18.94
23.95,18.95
23.96,18.96
23.97,18.97
23.98,18.98
23.990000000000002,18.990000000000002
24.0,19.0
24.01,19.01
24.02,19.02
24.03,19.03
24.04,19.04
24.05,19.05
24.060000000000002,19.060000000000002
24.07,19.07
24.080000000000002,19.080000000000002
24.09,19.09
24.1,19.1
24.11,19.11
24.12,19.12
24.13,19.13
24.14,19.14
24.150000000000002,19.150000000000002
24.16,19.16
24.17,19.17
24.18,19.18
24.19,19.19
24.2,19.2
24.21,19.21
24.22,19.22
24.23,19.23
24.240000000000002,19.240000000000002
24.25,19.25
24.26,19.26
24.27,19.27
24.28,19.28
24.29,19.29
24.3,19.3
24.310000000000002,19.310000000000002
24.32,19.32
24.330000000000002,19.330000000000002
24.34,19.34
24.35,19.35
24.36,19.36
24.37,19.37
24.38,19.38
24.39,19.39
24.400000000000002,19.400000000000002
24.41,19.41
24.42,19.42
24.43,19.43
24.44,19.44
24.45,19.45
24.46,19.46
24.47,19.47
24.48,19.48
24.490000000000002,19.490000000000002
24.5,19.5
24.51,19.51
24.52,19.52
24.53,19.53
24.54,19.54
24.55,19.55
24.560000000000002,19.560000000000002
24.57,19.57
24.580000000000002,19.580000000000002
24.59,19.59
24.6,19.6
24.61,19.61
24.62,19.62
24.63,19.63
24.64,19.64
24.650000000000002,19.650000000000002
24.66,19.66
24.67,19.67
24.68,19.68
24.69,19.69
24.7,19.7
24.71,19.71
24.72,19.72
24.73,19.73
24.740000000000002,19.740000000000002
24.75,19.75
24.76,19.76
24.77,19.77
24.78,19.78
24.79,19.79
24.8,19.8
24.810000000000002,19.810000000000002
24.82,19.82
24.830000000000002,19.830000000000002
24.84,19.84
24.85,19.85
24.86,19.86
24.87,19.87
24.88,19.88
24.89,19.89
24.900000000000002,19.900000000000002
24.91,19.91
24.92,19.92
24.93,19.93
24.94,19.94
24.95,19.95
24.96,19.96
24.97,19.97
24.98,19.98
24.990000000000002,19.990000000000002
25.0,20.0
25.01,20.01
25.02,20.02
25.03,20.03
25.04,20.04
25.05,20.05
25.060000000000002,20.060000000000002
25.07,20.07
25.080000000000002,20.080000000000002
25.09,20.09
25.1,20.1
25.11,20.11
25.12,20.12
25.13,20.13
25.14,20.14
25.150000000000002,20.150000000000002
25.16,20.16
25.17,20.17
25.18,20.18
25.19,20.19
25.2,20.2
25.21,20.21
25.22,20.22
25.23,20.23
25.240000000000002,20.240000000000002
25.25,20.25
25.26,20.26
25.27,20.27
25.28,20.28
25.29,20.29
25.3,20.3
25.310000000000002,20.310000000000002
25.32,20.32
25.330000000000002,20.330000000000002
25.34,20.34
25.35,20.35
25.36,20.36
25.37,20.37
25.38,20.38
25.39,20.39
25.400000000000002,20.400000000000002
25.41,20.41
25.42,20.42
25.43,20.43
25.44,20.44
25.45,20.45
25.46,20.46
25.47,20.47
25.48,20.48
25.490000000000002,20.490000000000002
25.5,20.5
25.51,20.51
25.52,20.52
25.53,20.53
25.54,20.54
25.55,20.55
25.560000000000002,20.560000000000002
25.57,20.57
25.580000000000002,20.580000000000002
25.59,20.59
25.6,20.6
25.61,20.61
25.62,20.62
25.63,20.63
25.64,20.64
25.650000000000002,20.650000000000002
25.66,20.66
25.67,20.67
25.68,20.68
25.69,20.69
25.7,20.7
25.71,20.71
25.72,20.72
25.73,20.73
25.740000000000002,20.740000000000002
25.75,20.75
25.76,20.76
25.77,20.77
25.78,20.78
25.79,20.79
25.8,20.8
25.810000000000002,20.810000000000002
25.82,20.82
25.830000000000002,20.830000000000002
25.84,20.84
25.85,20.85
25.86,20.86
25.87,20.87
25.88,20.88
25.89,20.89
25.900000000000002,20.900000000000002
25.91,20.91
25.92,20.92
25.93,20.93
25.94,20.94
25.95,20.95
25.96,20.96
25.97,20.97
25.98,20.98
25.990000000000002,20.990000000000002
26.0,21.0
26.01,21.01
26.02,21.02
26.03,21.03
26.04,21.04
26.05,21.05
26.060000000000002,21.060000000000002
26.07,21.07
26.080000000000002,21.080000000000002
26.09,21.09
26.1,21.1
26.11,21.11
26.12,21.12
26.13,21.13
26.14,21.14
26.150000000000002,21.150000000000002
26.16,21.16
26.17,21.17
26.18,21.18
26.19,21.19
26.2,21.2
26.21,21.21
26.22,21.22
26.23,21.23
26.240000000000002,21.240000000000002
26.25,21.25
26.26,21.26
26.27,21.27
26.28,21.28
26.29,21.29
26.3,21.3
26.310000000000002,21.310000000000002
26.32,21.32
26.330000000000002,21.330000000000002
26.34,21.34
26.35,21.35
26.36,21.36
26.37,21.37
26.38,21.38
26.39,21.39
26.400000000000002,21.400000000000002
26.41,21.41
26.42,21.42
26.43,21.43
26.44,21.44
26.45,21.45
26.46,21.46
26.47,21.47
26.48,21.48
26.490000000000002,21.490000000000002
26.5,21.5
26.51,21.51
26.52,21.52
26.53,21.53
26.54,21.54
26.55,21.55
26.560000000000002,21.560000000000002
26.57,21.57
26.580000000000002,21.580000000000002
26.59,21.59
26.6,21.6
26.61,21.61
26.62,21.62
26.63,21.63
26.64,21.64
26.650000000000002,21.650000000000002
26.66,21.66
26.67,21.67
26.68,21.68
26.69,21.69
26.7,21.7
26.71,21.71
26.72,21.72
26.73,21.73
26.740000000000002,21.740000000000002
26.75,21.75
26.76,21.76
26.77,21.77
26.78,21.78
26.79,21.79
26.8,21.8
26.810000000000002,21.810000000000002
26.82,21.82
26.830000000000002,21.830000000000002
26.84,21.84
26.85,21.85
26.86,21.86
26.87,21.87
26.88,21.88
26.89,21.89
26.900000000000002,21.900000000000002
26.91,21.91
26.92,21.92
26.93,21.93
26.94,21.94
26.95,21.95
26.96,21.96
26.97,21.97
26.98,21.98
26.990000000000002,21.990000000000002
27.0,22.0
27.01,22.01
27.02,22.02
27.03,22.03
27.04,22.04
27.05,22.05
27.060000000000002,22.060000000000002
27.07,22.07
27.080000000000002,22.080000000000002
27.09,22.09
27.1,22.1
27.11,22.11
27.12,22.12
27.13,22.13
27.14,22.14
27.150000000000002,22.150000000000002
27.16,22.16
27.17,22.17
27.18,22.18
27.19,22.19
27.2,22.2
27.21,22.21
27.22,22.22
27.23,22.23
27.240000000000002,22.240000000000002
27.25,22.25
27.26,22.26
27.27,22.27
27.28,22.28
27.29,22.29
27.3,22.3
27.310000000000002,22.310000000000002
27.32,22.32
27.330000000000002,22.330000000000002
27.34,22.34
27.35,22.35
27.36,22.36
27.37,22.37
27.38,22.38
27.39,22.39
27.400000000000002,22.400000000000002
27.41,22.41
27.42,22.42
27.43,22.43
27.44,22.44
27.45,22.45
27.46,22.46
27.47,22.47
27.48,22.48
27.490000000000002,22.490000000000002
27.5,22.5
27.51,22.51
27.52,22.52
27.53,22.53
27.54,22.54
27.55,22.55
27.560000000000002,22.560000000000002
27.57,22.57
27.580000000000002,22.580000000000002
27.59,22.59
27.6,22.6
27.61,22.61
27.62,22.62
27.63,22.63
27.64,22.64
27.650000000000002,22.650000000000002
27.66,22.66
27.67,22.67
27.68,22.68
27.69,22.69
27.7,22.7
27.71,22.71
27.72,22.72
27.73,22.73
27.740000000000002,22.740000000000002
27.75,22.75
27.76,22.76
27.77,22.77
27.78,22.78
27.79,22.79
27.8,22.8
27.810000000000002,22.810000000000002
27.82,22.82
27.830000000000002,22.830000000000002
27.84,22.84
27.85,22.85
27.86,22.86
27.87,22.87
27.88,22.88
27.89,22.89
27.900000000000002,22.900000000000002
27.91,22.91
27.92,22.92
27.93,22.93
27.94,22.94
27.95,22.95
27.96,22.96
27.97,22.97
27.98,22.98
27.990000000000002,22.990000000000002
28.0,23.0
28.01,23.01
28.02,23.02
28.03,23.03
28.04,23.04
28.05,23.05
28.060000000000002,23.060000000000002
28.07,23.07
28.080000000000002,23.080000000000002
28.09,23.09
28.1,23.1
28.11,23.11
28.12,23.12
28.13,23.13
28.14,23.14
28.150000000000002,23.150000000000002
28.16,23.16
28.17,23.17
28.18,23.18
28.19,23.19
28.2,23.2
28.21,23.21
28.22,23.22
28.23,23.23
28.240000000000002,23.240000000000002
28.25,23.25
28.26,23.26
28.27,23.27
28.28,23.28
28.29,23.29
28.3,23.3
28.310000000000002,23.310000000000002
28.32,23.32
28.330000000000002,23.330000000000002
28.34,23.34
28.35,23.35
28.36,23.36
28.37,23.37
28.38,23.38
28.39,23.39
28.400000000000002,23.400000000000002
28.41,23.41
28.42,23.42
28.43,23.43
28.44,23.44
28.45,23.45
28.46,23.46
28.47,23.47
28.48,23.48
28.490000000000002,23.490000000000002
28.5,23.5
28.51,23.51
28.52,23.52
28.53,23.53
28.54,23.54
28.55,23.55
28.560000000000002,23.560000000000002
28.57,23.57
28.580000000000002,23.580000000000002
28.59,23.59
28.6,23.6
28.61,23.61
28.62,23.62
28.63,23.63
28.64,23.64
28.650000000000002,23.650000000000002
28.66,23.66
28.67,23.67
28.68,23.68
28.69,23.69
28.7,23.7
28.71,23.71
28.72,23.72
28.73,23.73
28.740000000000002,23.740000000000002
28.75,23.75
28.76,23.76
28.77,23.77
28.78,23.78
28.79,23.79
28.8,23.8
28.810000000000002,23.810000000000002
28.82,23.82
28.830000000000002,23.830000000000002
28.84,23.84
28.85,23.85
28.86,23.86
28.87,23.87
28.88,23.88
28.89,23.89
28.900000000000002,23.900000000000002
28.91,23.91
28.92,23.92
28.93,23.93
28.94,23.94
28.95,23.95
28.96,23.96
28.97,23.97
28.98,23.98
28.990000000000002,23.990000000000002
29.0,24.0
29.01,24.01
29.02,24.02
29.03,24.03
29.04,24.04
29.05,24.05
29.060000000000002,24.060000000000002
29.07,24.07
29.080000000000002,24.080000000000002
29.09,24.09
29.1,24.1
29.11,24.11
29.12,24.12
29.13,24.13
29.14,24.14
29.150000000000002,24.150000000000002
29.16,24.16
29.17,24.17
29.18,24.18
29.19,24.19
29.2,24.2
29.21,24.21
29.22,24.22
29.23,24.23
29.240000000000002,24.240000000000002
29.25,24.25
29.26,24.26
29.27,24.27
29.28,24.28
29.29,24.29
29.3,24.3
29.310000000000002,24.310000000000002
29.32,24.32
29.330000000000002,24.330000000000002
29.34,24.34
29.35,24.35
29.36,24.36
29.37,24.37
29.38,24.38
29.39,24.39
29.400000000000002,24.400000000000002
29.41,24.41
29.42,24.42
29.43,24.43
29.44,24.44
29.45,24.45
29.46,24.46
29.47,24.47
29.48,24.48
29.490000000000002,24.490000000000002
29.5,24.5
29.51,24.51
29.52,24.52
29.53,24.53
29.54,24.54
29.55,24.55
29.560000000000002,24.560000000000002
29.57,24.57
29.580000000000002,24.580000000000002
29.59,24.59
29.6,24.6
29.61,24.61
29.62,24.62
29.63,24.63
29.64,24.64
29.650000000000002,24.650000000000002
29.66,24.66
29.67,24.67
29.68,24.68
29.69,24.69
29.7,24.7
29.71,24.71
29.72,24.72
29.73,24.73
29.740000000000002,24.740000000000002
29.75,24.75
29.76,24.76
29.77,24.77
29.78,24.78
29.79,24.79
29.8,24.8
29.810000000000002,24.810000000000002
29.82,24.82
29.830000000000002,24.830000000000002
29.84,24.84
29.85,24.85
29.86,24.86
29.87,24.87
29.88,24.88
29.89,24.89
29.900000000000002,24.900000000000002
29.91,24.91
29.92,24.92
29.93,24.93
29.94,24.94
29.95,24.95
29.96,24.96
29.97,24.97
29.98,24.98
29.990000000000002,24.990000000000002
30.0,25.0
30.01,25.0
30.02,25.0
30.03,25.0
30.04,25.0
30.05,25.0
30.060000000000002,25.0
30.07,25.0
30.080000000000002,25.0
30.09,25.0
30.1,25.0
30.11,25.0
30.12,25.0
30.13,25.0
30.14,25.0
30.150000000000002,25.0
30.16,25.0
30.17,25.0
30.18,25.0
30.19,25.0
30.2,25.0
30.21,25.0
30.22,25.0
30.23,25.0
30.240000000000002,25.0
30.25,25.0
30.26,25.0
30.27,25.0
30.28,25.0
30.29,25.0
30.3,25.0
30.310000000000002,25.0
30.32,25.0
30.330000000000002,25.0
30.34,25.0
30.35,25.0
30.36,25.0
30.37,25.0
30.38,25.0
30.39,25.0
30.400000000000002,25.0
30.41,25.0
30.42,25.0
30.43,25.0
30.44,25.0
30.45,25.0
30.46,25.0
30.47,25.0
30.48,25.0
30.490000000000002,25.0
30.5,25.0
30.51,25.0
30.52,25.0
30.53,25.0
30.54,25.0
30.55,25.0
30.560000000000002,25.0
30.57,25.0
30.580000000000002,25.0
30.59,25.0
30.6,25.0
30.61,25.0
30.62,25.0
30.63,25.0
30.64,25.0
30.650000000000002,25.0
30.66,25.0
30.67,25.0
30.68,25.0
30.69,25.0
30.7,25.0
30.71,25.0
30.72,25.0
30.73,25.0
30.740000000000002,25.0
30.75,25.0
30.76,25.0
30.77,25.0
30.78,25.0
30.79,25.0
30.8,25.0
30.810000000000002,25.0
30.82,25.0
30.830000000000002,25.0
30.84,25.0
30.85,25.0
30.86,25.0
30.87,25.0
30.88,25.0
30.89,25.0
30.900000000000002,25.0
30.91,25.0
30.92,25.0
30.93,25.0
30.94,25.0
30.95,25.0
30.96,25.0
30.970000000000002,25.0
30.98,25.0
30.990000000000002,25.0
31.0,25.0
31.01,25.0
31.02,25.0
31.03,25.0
31.04,25.0
31.05,25.0
31.060000000000002,25.0
31.07,25.0
31.080000000000002,25.0
31.09,25.0
31.1,25.0
31.11,25.0
31.12,25.0
31.13,25.0
31.14,25.0
31.150000000000002,25.0
31.16,25.0
31.17,25.0
31.18,25.0
31.19,25.0
31.2,25.0
31.21,25.0
31.220000000000002,25.0
31.23,25.0
31.240000000000002,25.0
31.25,25.0
31.26,25.0
31.27,25.0
31.28,25.0
31.29,25.0
31.3,25.0
31.310000000000002,25.0
31.32,25.0
31.330000000000002,25.0
31.34,25.0
31.35,25.0
31.36,25.0
31.37,25.0
31.38,25.0
31.39,25.0
31.400000000000002,25.0
31.41,25.0
31.42,25.0
31.43,25.0
31.44,25.0
31.45,25.0
31.46,25.0
31.470000000000002,25.0
31.48,25.0
31.490000000000002,25.0
31.5,25.0
31.51,25.0
31.52,25.0
31.53,25.0
31.54,25.0
31.55,25.0
31.560000000000002,25.0
31.57,25.0
31.580000000000002,25.0
31.59,25.0
31.6,25.0
31.61,25.0
31.62,25.0
31.63,25.0
31.64,25.0
31.650000000000002,25.0
31.66,25.0
31.67,25.0
31.68,25.0
31.69,25.0
31.7,25.0
31.71,25.0
31.720000000000002,25.0
31.73,25.0
31.740000000000002,25.0
31.75,25.0
31.76,25.0
31.77,25.0
31.78,25.0
31.79,25.0
31.8,25.0
31.810000000000002,25.0
31.82,25.0
31.830000000000002,25.0
31.84,25.0
31.85,25.0
31.86,25.0
31.87,25.0
31.88,25.0
31.89,25.0
31.900000000000002,25.0
31.91,25.0
31.92,25.0
31.93,25.0
31.94,25.0
31.95,25.0
31.96,25.0
31.970000000000002,25.0
31.98,25.0
31.990000000000002,25.0
32.0,25.0
32.01,25.0
32.02,25.0
32.03,25.0
32.04,25.0
32.05,25.0
32.06,25.0
32.07,25.0
32.08,25.0
32.09,25.0
32.1,25.0
32.11,25.0
32.12,25.0
32.13,25.0
32.14,25.0
32.15,25.0
32.160000000000004,25.0
32.17,25.0
32.18,25.0
32.19,25.0
32.2,25.0
32.21,25.0
32.22,25.0
32.230000000000004,25.0
32.24,25.0
32.25,25.0
32.26,25.0
32.27,25.0
32.28,25.0
32.29,25.0
32.3,25.0
32.31,25.0
32.32,25.0
32.33,25.0
32.34,25.0
32.35,25.0
32.36,25.0
32.37,25.0
32.38,25.0
32.39,25.0
32.4,25.0
32.410000000000004,25.0
32.42,25.0
32.43,25.0
32.44,25.0
32.45,25.0
32.46,25.0
32.47,25.0
32.480000000000004,25.0
32.49,25.0
32.5,25.0
32.51,25.0
32.52,25.0
32.53,25.0
32.54,25.0
32.55,25.0
32.56,25.0
32.57,25.0
32.58,25.0
32.59,25.0
32.6,25.0
32.61,25.0
32.62,25.0
32.63,25.0
32.64,25.0
32.65,25.0
32.660000000000004,25.0
32.67,25.0
32.68,25.0
32.69,25.0
32.7,25.0
32.71,25.0
32.72,25.0
32.730000000000004,25.0
32.74,25.0
32.75,25.0
32.76,25.0
32.77,25.0
32.78,25.0
32.79,25.0
32.8,25.0
32.81,25.0
32.82,25.0
32.83,25.0
32.84,25.0
32.85,25.0
32.86,25.0
32.87,25.0
32.88,25.0
32.89,25.0
32.9,25.0
32.910000000000004,25.0
32.92,25.0
32.93,25.0
32.94,25.0
32.95,25.0
32.96,25.0
32.97,25.0
32.980000000000004,25.0
32.99,25.0
33.0,25.0
33.01,25.0
33.02,25.0
33.03,25.0
33.04,25.0
33.05,25.0
33.06,25.0
33.07,25.0
33.08,25.0
33.09,25.0
33.1,25.0
33.11,25.0
33.12,25.0
33.13,25.0
33.14,25.0
33.15,25.0
33.160000000000004,25.0
33.17,25.0
33.18,25.0
33.19,25.0
33.2,25.0
33.21,25.0
33.22,25.0
33.230000000000004,25.0
33.24,25.0
33.25,25.0
33.26,25.0
33.27,25.0
33.28,25.0
33.29,25.0
33.3,25.0
33.31,25.0
33.32,25.0
33.33,25.0
33.34,25.0
33.35,25.0
33.36,25.0
33.37,25.0
33.38,25.0
33.39,25.0
33.4,25.0
33.410000000000004,25.0
33.42,25.0
33.43,25.0
33.44,25.0
33.45,25.0
33.46,25.0
33.47,25.0
33.480000000000004,25.0
33.49,25.0
33.5,25.0
33.51,25.0
33.52,25.0
33.53,25.0
33.54,25.0
33.55,25.0
33.56,25.0
33.57,25.0
33.58,25.0
33.59,25.0
33.6,25.0
33.61,25.0
33.62,25.0
33.63,25.0
33.64,25.0
33.65,25.0
33.660000000000004,25.0
33.67,25.0
33.68,25.0
33.69,25.0
33.7,25.0
33.71,25.0
33.72,25.0
33.730000000000004,25.0
33.74,25.0
33.75,25.0
33.76,25.0
33.77,25.0
33.78,25.0
33.79,25.0
33.8,25.0
33.81,25.0
33.82,25.0
33.83,25.0
33.84,25.0
33.85,25.0
33.86,25.0
33.87,25.0
33.88,25.0
33.89,25.0
33.9,25.0
33.910000000000004,25.0
33.92,25.0
33.93,25.0
33.94,25.0
33.95,25.0
33.96,25.0
33.97,25.0
33.980000000000004,25.0
33.99,25.0
34.0,25.0
34.01,25.0
34.02,25.0
34.03,25.0
34.04,25.0
34.05,25.0
34.06,25.0
34.07,25.0
34.08,25.0
34.09,25.0
34.1,25.0
34.11,25.0
34.12,25.0
34.13,25.0
34.14,25.0
34.15,25.0
34.160000000000004,25.0
34.17,25.0
34.18,25.0
34.19,25.0
34.2,25.0
34.21,25.0
34.22,25.0
34.230000000000004,25.0
34.24,25.0
34.25,25.0
34.26,25.0
34.27,25.0
34.28,25.0
34.29,25.0
34.300000000000004,25.0
34.31,25.0
34.32,25.0
34.33,25.0
34.34,25.0
34.35,25.0
34.36,25.0
34.37,25.0
34.38,25.0
34.39,25.0
34.4,25.0
34.410000000000004,25.0
34.42,25.0
34.43,25.0
34.44,25.0
34.45,25.0
34.46,25.0
34.47,25.0
34.480000000000004,25.0
34.49,25.0
34.5,25.0
34.51,25.0
34.52,25.0
34.53,25.0
34.54,25.0
34.550000000000004,25.0
34.56,25.0
34.57,25.0
34.58,25.0
34.59,25.0
34.6,25.0
34.61,25.0
34.62,25.0
34.63,25.0
34.64,25.0
34.65,25.0
34.660000000000004,25.0
34.67,25.0
34.68,25.0
34.69,25.0
34.7,25.0
34.71,25.0
34.72,25.0
34.730000000000004,25.0
34.74,25.0
34.75,25.0
34.76,25.0
34.77,25.0
34.78,25.0
34.79,25.0
34.800000000000004,25.0
34.81,25.0
34.82,25.0
34.83,25.0
34.84,25.0
34.85,25.0
34.86,25.0
34.87,25.0
34.88,25.0
34.89,25.0
34.9,25.0
34.910000000000004,25.0
34.92,25.0
34.93,25.0
34.94,25.0
34.95,25.0
34.96,25.0
34.97,25.0
34.980000000000004,25.0
34.99,25.0
35.0,25.0
35.01,25.0
35.02,25.0
35.03,25.0
35.04,25.0
35.050000000000004,25.0
35.06,25.0
35.07,25.0
35.08,25.0
35.09,25.0
35.1,25.0
35.11,25.0
35.12,25.0
35.13,25.0
35.14,25.0
35.15,25.0
35.160000000000004,25.0
35.17,25.0
35.18,25.0
35.19,25.0
35.2,25.0
35.21,25.0
35.22,25.0
35.230000000000004,25.0
35.24,25.0
35.25,25.0
35.26,25.0
35.27,25.0
35.28,25.0
35.29,25.0
35.300000000000004,25.0
35.31,25.0
35.32,25.0
35.33,25.0
35.34,25.0
35.35,25.0
35.36,25.0
35.37,25.0
35.38,25.0
35.39,25.0
35.4,25.0
35.410000000000004,25.0
35.42,25.0
35.43,25.0
35.44,25.0
35.45,25.0
35.46,25.0
35.47,25.0
35.480000000000004,25.0
35.49,25.0
35.5,25.0
35.51,25.0
35.52,25.0
35.53,25.0
35.54,25.0
35.550000000000004,25.0
35.56,25.0
35.57,25.0
35.58,25.0
35.59,25.0
35.6,25.0
35.61,25.0
35.62,25.0
35.63,25.0
35.64,25.0
35.65,25.0
35.660000000000004,25.0
35.67,25.0
35.68,25.0
35.69,25.0
35.7,25.0
35.71,25.0
35.72,25.0
35.730000000000004,25.0
35.74,25.0
35.75,25.0
35.76,25.0
35.77,25.0
35.78,25.0
35.79,25.0
35.800000000000004,25.0
35.81,25.0
35.82,25.0
35.83,25.0
35.84,25.0
35.85,25.0
35.86,25.0
35.87,25.0
35.88,25.0
35.89,25.0
35.9,25.0
35.910000000000004,25.0
35.92,25.0
35.93,25.0
35.94,25.0
35.95,25.0
35.96,25.0
35.97,25.0
35.980000000000004,25.0
35.99,25.0
36.0,25.0
36.01,25.0
36.02,25.0
36.03,25.0
36.04,25.0
36.050000000000004,25.0
36.06,25.0
36.07,25.0
36.08,25.0
36.09,25.0
36.1,25.0
36.11,25.0
36.12,25.0
36.13,25.0
36.14,25.0
36.15,25.0
36.160000000000004,25.0
36.17,25.0
36.18,25.0
36.19,25.0
36.2,25.0
36.21,25.0
36.22,25.0
36.230000000000004,25.0
36.24,25.0
36.25,25.0
36.26,25.0
36.27,25.0
36.28,25.0
36.29,25.0
36.300000000000004,25.0
36.31,25.0
36.32,25.0
36.33,25.0
36.34,25.0
36.35,25.0
36.36,25.0
36.37,25.0
36.38,25.0
36.39,25.0
36.4,25.0
36.410000000000004,25.0
36.42,25.0
36.43,25.0
36.44,25.0
36.45,25.0
36.46,25.0
36.47,25.0
36.480000000000004,25.0
36.49,25.0
36.5,25.0
36.51,25.0
36.52,25.0
36.53,25.0
36.54,25.0
36.550000000000004,25.0
36.56,25.0
36.57,25.0
36.58,25.0
36.59,25.0
36.6,25.0
36.61,25.0
36.62,25.0
36.63,25.0
36.64,25.0
36.65,25.0
36.660000000000004,25.0
36.67,25.0
36.68,25.0
36.69,25.0
36.7,25.0
36.71,25.0
36.72,25.0
36.730000000000004,25.0
36.74,25.0
36.75,25.0
36.76,25.0
36.77,25.0
36.78,25.0
36.79,25.0
36.800000000000004,25.0
36.81,25.0
36.82,25.0
36.83,25.0
36.84,25.0
36.85,25.0
36.86,25.0
36.87,25.0
36.88,25.0
36.89,25.0
36.9,25.0
36.910000000000004,25.0
36.92,25.0
36.93,25.0
36.94,25.0
36.95,25.0
36.96,25.0
36.97,25.0
36.980000000000004,25.0
36.99,25.0
37.0,25.0
37.01,25.0
37.02,25.0
37.03,25.0
37.04,25.0
37.050000000000004,25.0
37.06,25.0
37.07,25.0
37.08,25.0
37.09,25.0
37.1,25.0
37.11,25.0
37.12,25.0
37.13,25.0
37.14,25.0
37.15,25.0
37.160000000000004,25.0
37.17,25.0
37.18,25.0
37.19,25.0
37.2,25.0
37.21,25.0
37.22,25.0
37.230000000000004,25.0
37.24,25.0
37.25,25.0
37.26,25.0
37.27,25.0
37.28,25.0
37.29,25.0
37.300000000000004,25.0
37.31,25.0
37.32,25.0
37.33,25.0
37.34,25.0
37.35,25.0
37.36,25.0
37.37,25.0
37.38,25.0
37.39,25.0
37.4,25.0
37.410000000000004,25.0
37.42,25.0
37.43,25.0
37.44,25.0
37.45,25.0
37.46,25.0
37.47,25.0
37.480000000000004,25.0
37.49,25.0
37.5,25.0
37.51,25.0
37.52,25.0
37.53,25.0
37.54,25.0
37.550000000000004,25.0
37.56,25.0
37.57,25.0
37.58,25.0
37.59,25.0
37.6,25.0
37.61,25.0
37.62,25.0
37.63,25.0
37.64,25.0
37.65,25.0
37.660000000000004,25.0
37.67,25.0
37.68,25.0
37.69,25.0
37.7,25.0
37.71,25.0
37.72,25.0
37.730000000000004,25.0
37.74,25.0
37.75,25.0
37.76,25.0
37.77,25.0
37.78,25.0
37.79,25.0
37.800000000000004,25.0
37.81,25.0
37.82,25.0
37.83,25.0
37.84,25.0
37.85,25.0
37.86,25.0
37.87,25.0
37.88,25.0
37.89,25.0
37.9,25.0
37.910000000000004,25.0
37.92,25.0
37.93,25.0
37.94,25.0
37.95,25.0
37.96,25.0
37.97,25.0
37.980000000000004,25.0
37.99,25.0
38.0,25.0
38.01,25.0
38.02,25.0
38.03,25.0
38.04,25.0
38.050000000000004,25.0
38.06,25.0
38.07,25.0
38.08,25.0
38.09,25.0
38.1,25.0
38.11,25.0
38.12,25.0
38.13,25.0
38.14,25.0
38.15,25.0
38.160000000000004,25.0
38.17,25.0
38.18,25.0
38.19,25.0
38.2,25.0
38.21,25.0
38.22,25.0
38.230000000000004,25.0
38.24,25.0
38.25,25.0
38.26,25.0
38.27,25.0
38.28,25.0
38.29,25.0
38.300000000000004,25.0
38.31,25.0
38.32,25.0
38.33,25.0
38.34,25.0
38.35,25.0
38.36,25.0
38.37,25.0
38.38,25.0
38.39,25.0
38.4,25.0
38.410000000000004,25.0
38.42,25.0
38.43,25.0
38.44,25.0
38.45,25.0
38.46,25.0
38.47,25.0
38.480000000000004,25.0
38.49,25.0
38.5,25.0
38.51,25.0
38.52,25.0
38.53,25.0
38.54,25.0
38.550000000000004,25.0
38.56,25.0
38.57,25.0
38.58,25.0
38.59,25.0
38.6,25.0
38.61,25.0
38.62,25.0
38.63,25.0
38.64,25.0
38.65,25.0
38.660000000000004,25.0
38.67,25.0
38.68,25.0
38.69,25.0
38.7,25.0
38.71,25.0
38.72,25.0
38.730000000000004,25.0
38.74,25.0
38.75,25.0
38.76,25.0
38.77,25.0
38.78,25.0
38.79,25.0
38.800000000000004,25.0
38.81,25.0
38.82,25.0
38.83,25.0
38.84,25.0
38.85,25.0
38.86,25.0
38.87,25.0
38.88,25.0
38.89,25.0
38.9,25.0
38.910000000000004,25.0
38.92,25.0
38.93,25.0
38.94,25.0
38.95,25.0
38.96,25.0
38.97,25.0
38.980000000000004,25.0
38.99,25.0
39.0,25.0
39.01,25.0
39.02,25.0
39.03,25.0
39.04,25.0
39.050000000000004,25.0
39.06,25.0
39.07,25.0
39.08,25.0
39.09,25.0
39.1,25.0
39.11,25.0
39.12,25.0
39.13,25.0
39.14,25.0
39.15,25.0
39.160000000000004,25.0
39.17,25.0
39.18,25.0
39.19,25.0
39.2,25.0
39.21,25.0
39.22,25.0
39.230000000000004,25.0
39.24,25.0
39.25,25.0
39.26,25.0
39.27,25.0
39.28,25.0
39.29,25.0
39.300000000000004,25.0
39.31,25.0
39.32,25.0
39.33,25.0
39.34,25.0
39.35,25.0
39.36,25.0
39.37,25.0
39.38,25.0
39.39,25.0
39.4,25.0
39.410000000000004,25.0
39.42,25.0
39.43,25.0
39.44,25.0
39.45,25.0
39.46,25.0
39.47,25.0
39.480000000000004,25.0
39.49,25.0
39.5,25.0
39.51,25.0
39.52,25.0
39.53,25.0
39.54,25.0
39.550000000000004,25.0
39.56,25.0
39.57,25.0
39.58,25.0
39.59,25.0
39.6,25.0
39.61,25.0
39.62,25.0
39.63,25.0
39.64,25.0
39.65,25.0
39.660000000000004,25.0
39.67,25.0
39.68,25.0
39.69,25.0
39.7,25.0
39.71,25.0
39.72,25.0
39.730000000000004,25.0
39.74,25.0
39.75,25.0
39.76,25.0
39.77,25.0
39.78,25.0
39.79,25.0
39.800000000000004,25.0
39.81,25.0
39.82,25.0
39.83,25.0
39.84,25.0
39.85,25.0
39.86,25.0
39.87,25.0
39.88,25.0
39.89,25.0
39.9,25.0
39.910000000000004,25.0
39.92,25.0
39.93,25.0
39.94,25.0
39.95,25.0
39.96,25.0
39.97,25.0
39.980000000000004,25.0
39.99,25.0
40.0,25.0
